Type,Start,End,Duration,Start Condition,Start Location,End Condition,Notes
Feed,2000-09-17 09:46,2000-09-17 09:54,00:08,,,,
Sleep,2000-12-01 01:58,2000-12-01 03:00,01:01,,,,
Sleep,2000-11-28 08:06,2000-11-28 08:59,00:53,,,,
Feed,2000-11-10 16:48,2000-11-10 16:57,00:09,,,,
Feed,2000-10-13 12:14,2000-10-13 12:22,00:08,,,,
Feed,2000-12-11 10:52,2000-12-11 10:57,00:04,,,,
Sleep,2000-12-01 20:53,2000-12-01 22:13,01:19,,,,
Sleep,2000-09-19 22:06,2000-09-20 03:37,05:31,,,,
Feed,2000-12-06 07:41,2000-12-06 07:47,00:05,,,,
Feed,2000-11-27 05:58,2000-11-27 06:07,00:08,,,,
Sleep,2000-11-10 03:58,2000-11-10 06:30,02:31,,,,
Feed,2000-09-24 18:39,2000-09-24 18:56,00:17,,,,
Sleep,2000-11-03 10:57,2000-11-03 12:06,01:09,,,,
Feed,2000-11-24 15:50,2000-11-24 15:57,00:07,,,,
Feed,2000-12-07 15:58,2000-12-07 16:04,00:06,,,,
Sleep,2000-11-26 19:26,2000-11-26 20:34,01:08,,,,
Feed,2000-10-03 15:39,2000-10-03 15:50,00:11,,,,
Feed,2000-09-14 06:50,2000-09-14 07:03,00:13,,,,
Sleep,2000-11-29 12:59,2000-11-29 15:23,02:24,,,,
Sleep,2000-09-19 02:37,2000-09-19 04:40,02:02,,,,
Feed,2000-11-01 03:35,2000-11-01 03:43,00:08,,,,
Feed,2000-09-01 11:24,2000-09-01 11:30,00:06,,,,
Feed,2000-10-24 08:30,2000-10-24 08:37,00:06,,,,
Sleep,2000-10-21 03:13,2000-10-21 05:07,01:53,,,,
Sleep,2000-11-20 07:53,2000-11-20 08:27,00:33,,,,
Feed,2000-12-06 13:13,,,,,,
Feed,2000-09-15 08:37,2000-09-15 08:48,00:11,,,,
Feed,2000-10-10 00:15,2000-10-10 00:22,00:07,,,,
Sleep,2000-09-17 15:13,2000-09-17 16:57,01:44,,,,
Sleep,2000-09-27 08:02,2000-09-27 09:15,01:12,,,,
Sleep,2000-10-15 03:28,2000-10-15 05:08,01:39,,,,
Sleep,2000-10-16 06:55,2000-10-16 07:53,00:58,,,,
Sleep,2000-09-01 10:30,2000-09-01 11:21,00:51,,,,
Growth,2000-10-31 09:50,,,,,,
Feed,2000-10-25 03:41,2000-10-25 03:51,00:09,,,,
Feed,2000-10-30 11:38,2000-10-30 11:45,00:07,,,,
Pump,2000-10-02 07:10,,,,,,
Sleep,2000-11-27 18:30,2000-11-27 18:42,00:11,,,,
Feed,2000-12-14 10:25,2000-12-14 10:34,00:08,,,,
Sleep,2000-12-13 12:20,2000-12-13 14:18,01:58,,,,
Sleep,2000-09-26 15:56,2000-09-26 17:20,01:24,,,,
Feed,2000-09-30 13:12,2000-09-30 13:24,00:11,,,,
Sleep,2000-09-19 10:20,2000-09-19 11:30,01:10,,,,
Feed,2000-12-10 01:13,2000-12-10 01:19,00:06,,,,
Feed,2000-10-16 08:04,2000-10-16 08:15,00:10,,,,
Sleep,2000-11-11 13:34,2000-11-11 14:27,00:53,,,,
Sleep,2000-09-28 06:00,2000-09-28 07:20,01:20,,,,
Sleep,2000-10-16 19:31,2000-10-16 21:44,02:13,,,,
Sleep,2000-11-21 22:24,2000-11-22 00:40,02:15,,,,
Feed,2000-12-03 21:36,2000-12-03 21:46,00:09,,,,
Feed,2000-12-12 21:20,2000-12-12 21:33,00:12,,,,
Sleep,2000-11-28 00:38,2000-11-28 01:55,01:17,,,,
Sleep,2000-10-22 19:52,2000-10-23 02:08,06:15,,,,
Feed,2000-10-16 16:05,2000-10-16 16:20,00:15,,,,
Feed,2000-11-12 11:44,2000-11-12 11:53,00:08,,,,
Sleep,2000-09-28 12:43,2000-09-28 15:35,02:51,,,,
Feed,2000-09-23 01:03,2000-09-23 01:39,00:36,,,,
Sleep,2000-12-01 06:28,2000-12-01 07:12,00:44,,,,
Feed,2000-11-18 16:05,2000-11-18 16:12,00:07,,,,
Feed,2000-11-17 17:07,2000-11-17 17:14,00:07,,,,
Feed,2000-12-05 06:31,2000-12-05 06:41,00:10,,,,
Sleep,2000-10-09 20:35,2000-10-09 22:04,01:29,,,,
Sleep,2000-11-26 04:14,2000-11-26 05:14,01:00,,,,
Feed,2000-11-12 07:59,2000-11-12 08:11,00:11,,,,
Feed,2000-09-07 04:07,2000-09-07 04:15,00:08,,,,
Feed,2000-11-22 04:05,2000-11-22 04:17,00:11,,,,
Feed,2000-11-02 15:25,2000-11-02 15:32,00:07,,,,
Sleep,2000-09-29 03:28,2000-09-29 06:33,03:04,,,,
Pump,2000-09-23 23:00,,,,,,
Feed,2000-09-17 04:22,2000-09-17 04:38,00:15,,,,
Feed,2000-11-09 15:43,2000-11-09 15:52,00:08,,,,
Feed,2000-09-11 03:22,2000-09-11 03:34,00:11,,,,
Sleep,2000-10-27 06:11,2000-10-27 07:20,01:09,,,,
Feed,2000-10-07 09:57,2000-10-07 10:11,00:14,,,,
Sleep,2000-12-06 21:00,2000-12-06 22:50,01:49,,,,
Sleep,2000-11-17 00:30,2000-11-17 00:50,00:19,,,,
Sleep,2000-10-14 17:12,2000-10-14 17:29,00:16,,,,
Feed,2000-12-12 06:48,2000-12-12 06:57,00:08,,,,
Feed,2000-10-26 16:11,2000-10-26 16:18,00:06,,,,
Sleep,2000-10-27 12:49,2000-10-27 13:13,00:24,,,,
Feed,2000-09-11 18:09,2000-09-11 18:28,00:18,,,,
Feed,2000-12-11 06:53,2000-12-11 07:04,00:10,,,,
Sleep,2000-09-23 21:22,2000-09-24 01:25,04:02,,,,
Sleep,2000-10-08 13:10,2000-10-08 15:40,02:30,,,,
Feed,2000-11-07 17:09,2000-11-07 17:16,00:06,,,,
Sleep,2000-11-18 03:46,2000-11-18 04:38,00:52,,,,
Feed,2000-11-10 22:58,2000-11-10 23:07,00:09,,,,
Feed,2000-09-05 13:05,2000-09-05 13:24,00:19,,,,
Feed,2000-11-28 23:49,2000-11-29 00:01,00:11,,,,
Sleep,2000-11-08 06:03,2000-11-08 06:59,00:56,,,,
Feed,2000-11-10 10:32,2000-11-10 10:41,00:09,,,,
Sleep,2000-10-29 21:23,2000-10-29 21:57,00:34,,,,
Feed,2000-12-03 09:59,,,,,,
Feed,2000-10-08 15:47,2000-10-08 15:56,00:09,,,,
Sleep,2000-10-21 13:26,2000-10-21 15:34,02:08,,,,
Feed,2000-10-01 01:31,2000-10-01 01:44,00:13,,,,
Feed,2000-12-09 16:03,2000-12-09 16:13,00:09,,,,
Sleep,2000-09-22 18:00,2000-09-22 18:04,00:04,,,,
Sleep,2000-10-01 22:05,2000-10-02 00:10,02:04,,,,
Feed,2000-12-10 17:40,2000-12-10 17:46,00:05,,,,
Sleep,2000-12-07 16:41,2000-12-07 17:20,00:39,,,,
Feed,2000-10-24 06:53,2000-10-24 07:02,00:09,,,,
Sleep,2000-11-08 18:22,2000-11-08 19:03,00:40,,,,
Feed,2000-12-13 05:08,2000-12-13 05:19,00:10,,,,
Sleep,2000-10-17 01:37,2000-10-17 02:13,00:36,,,,
Feed,2000-12-15 19:04,2000-12-15 19:11,00:06,,,,
Feed,2000-09-15 22:02,2000-09-15 22:21,00:18,,,,
Sleep,2000-11-03 23:00,2000-11-04 03:21,04:21,,,,
Feed,2000-09-23 11:02,2000-09-23 11:20,00:17,,,,
Sleep,2000-11-22 17:00,2000-11-22 17:35,00:35,,,,
Feed,2000-09-18 14:00,2000-09-18 14:11,00:10,,,,
Sleep,2000-10-19 19:57,2000-10-19 20:07,00:10,,,,
Feed,2000-11-25 12:02,2000-11-25 12:06,00:03,,,,
Feed,2000-11-23 15:37,2000-11-23 15:45,00:08,,,,
Feed,2000-12-16 17:52,2000-12-16 18:06,00:13,,,,
Sleep,2000-10-24 11:20,2000-10-24 12:04,00:43,,,,
Feed,2000-09-27 14:04,2000-09-27 14:16,00:11,,,,
Sleep,2000-09-12 14:54,2000-09-12 17:40,02:45,,,,
Sleep,2000-10-03 13:00,2000-10-03 13:21,00:21,,,,
Feed,2000-12-16 03:58,2000-12-16 04:12,00:13,,,,
Feed,2000-09-26 06:12,2000-09-26 06:21,00:09,,,,
Sleep,2000-12-15 07:10,2000-12-15 07:53,00:43,,,,
Sleep,2000-09-30 20:04,2000-10-01 01:25,05:20,,,,
Feed,2000-12-03 05:31,2000-12-03 05:39,00:07,,,,
Feed,2000-11-03 02:37,2000-11-03 02:44,00:07,,,,
Feed,2000-09-01 18:01,2000-09-01 18:11,00:09,,,,
Feed,2000-10-29 11:30,,,,,,
Sleep,2000-12-06 23:02,2000-12-07 01:34,02:31,,,,
Feed,2000-12-15 10:30,2000-12-15 10:36,00:05,,,,
Feed,2000-10-13 07:16,2000-10-13 07:31,00:15,,,,
Feed,2000-12-13 06:48,2000-12-13 06:59,00:11,,,,
Sleep,2000-09-27 20:01,2000-09-28 01:25,05:24,,,,
Feed,2000-10-15 16:07,2000-10-15 16:18,00:10,,,,
Feed,2000-09-13 21:09,2000-09-13 21:15,00:06,,,,
Sleep,2000-12-04 14:24,2000-12-04 15:25,01:01,,,,
Sleep,2000-10-15 06:55,2000-10-15 08:01,01:06,,,,
Feed,2000-10-22 18:43,2000-10-22 18:50,00:07,,,,
Feed,2000-09-28 15:44,2000-09-28 15:55,00:11,,,,
Sleep,2000-10-18 04:40,2000-10-18 05:24,00:44,,,,
Feed,2000-10-29 16:45,2000-10-29 16:52,00:07,,,,
Sleep,2000-10-10 14:40,2000-10-10 15:36,00:55,,,,
Feed,2000-12-03 06:52,2000-12-03 06:59,00:07,,,,
Feed,2000-11-29 19:00,2000-11-29 19:10,00:10,,,,
Sleep,2000-11-29 09:00,2000-11-29 09:20,00:20,,,,
Pump,2000-10-01 12:15,,,,,,
Sleep,2000-11-15 20:30,2000-11-15 22:10,01:40,,,,
Sleep,2000-11-23 23:46,2000-11-24 02:16,02:30,,,,
Sleep,2000-09-17 10:49,2000-09-17 12:40,01:51,,,,
Sleep,2000-10-28 23:55,2000-10-29 00:34,00:39,,,,
Feed,2000-12-14 16:55,2000-12-14 17:01,00:06,,,,
Feed,2000-10-20 12:05,2000-10-20 12:13,00:07,,,,
Feed,2000-09-04 19:27,2000-09-04 19:33,00:06,,,,
Sleep,2000-12-15 04:01,2000-12-15 05:18,01:17,,,,
Sleep,2000-10-04 13:15,2000-10-04 13:46,00:31,,,,
Sleep,2000-12-10 19:34,2000-12-10 21:04,01:30,,,,
Sleep,2000-10-03 17:45,2000-10-03 18:00,00:15,,,,
Sleep,2000-12-09 20:28,2000-12-09 23:19,02:51,,,,
Feed,2000-12-09 11:47,2000-12-09 11:54,00:07,,,,
Feed,2000-12-02 04:22,2000-12-02 04:34,00:12,,,,
Sleep,2000-11-21 01:44,2000-11-21 02:51,01:07,,,,
Sleep,2000-10-24 07:29,2000-10-24 08:06,00:37,,,,
Feed,2000-10-26 18:54,2000-10-26 19:02,00:07,,,,
Sleep,2000-09-12 10:52,2000-09-12 11:40,00:48,,,,
Sleep,2000-10-23 18:13,2000-10-23 18:26,00:13,,,,
Feed,2000-10-21 10:00,2000-10-21 10:07,00:07,,,,
Sleep,2000-09-03 06:38,2000-09-03 08:21,01:42,,,,
Feed,2000-11-19 20:12,2000-11-19 20:21,00:09,,,,
Feed,2000-11-01 16:39,2000-11-01 16:47,00:08,,,,
Feed,2000-10-02 13:42,2000-10-02 13:53,00:10,,,,
Feed,2000-09-11 20:11,2000-09-11 20:26,00:15,,,,
Feed,2000-09-21 06:25,2000-09-21 06:44,00:19,,,,
Sleep,2000-11-16 07:09,2000-11-16 08:00,00:51,,,,
Sleep,2000-09-30 06:43,2000-09-30 07:40,00:56,,,,
Sleep,2000-09-16 12:34,2000-09-16 13:57,01:23,,,,
Feed,2000-12-04 05:02,2000-12-04 05:13,00:10,,,,
Feed,2000-09-02 15:27,2000-09-02 15:35,00:08,,,,
Feed,2000-10-22 06:40,2000-10-22 06:49,00:09,,,,
Feed,2000-10-01 09:51,2000-10-01 10:07,00:15,,,,
Feed,2000-12-11 17:46,2000-12-11 17:51,00:05,,,,
Sleep,2000-11-08 03:38,2000-11-08 05:38,02:00,,,,
Sleep,2000-09-05 04:36,2000-09-05 06:07,01:30,,,,
Feed,2000-11-17 18:10,2000-11-17 18:17,00:07,,,,
Feed,2000-09-26 12:03,2000-09-26 12:19,00:16,,,,
Sleep,2000-11-19 06:50,2000-11-19 07:40,00:50,,,,
Sleep,2000-09-18 11:15,2000-09-18 13:50,02:35,,,,
Sleep,2000-12-03 19:55,2000-12-03 21:35,01:40,,,,
Feed,2000-11-03 19:44,2000-11-03 19:51,00:07,,,,
Sleep,2000-09-23 04:45,2000-09-23 06:19,01:34,,,,
Sleep,2000-12-14 20:13,2000-12-14 22:05,01:52,,,,
Feed,2000-09-27 10:30,,,,,,
Sleep,2000-11-27 09:30,2000-11-27 09:55,00:25,,,,
Feed,2000-12-10 23:56,2000-12-11 00:05,00:08,,,,
Sleep,2000-10-10 14:18,2000-10-10 14:29,00:11,,,,
Sleep,2000-09-18 03:58,2000-09-18 06:06,02:07,,,,
Feed,2000-09-04 06:56,2000-09-04 07:07,00:10,,,,
Sleep,2000-11-09 17:20,2000-11-09 17:46,00:26,,,,
Feed,2000-09-10 09:47,2000-09-10 09:55,00:08,,,,
Feed,2000-09-29 02:33,2000-09-29 02:45,00:12,,,,
Sleep,2000-09-27 02:29,2000-09-27 05:24,02:55,,,,
Feed,2000-09-18 07:25,2000-09-18 07:33,00:07,,,,
Feed,2000-09-04 08:52,2000-09-04 08:59,00:07,,,,
Feed,2000-09-26 03:32,2000-09-26 03:46,00:13,,,,
Feed,2000-10-28 19:14,2000-10-28 19:24,00:10,,,,
Sleep,2000-11-30 17:47,2000-11-30 18:33,00:46,,,,
Sleep,2000-11-25 11:18,2000-11-25 11:56,00:37,,,,
Sleep,2000-11-14 17:14,2000-11-14 17:59,00:45,,,,
Feed,2000-10-19 09:37,2000-10-19 09:46,00:08,,,,
Sleep,2000-12-01 04:05,2000-12-01 05:15,01:09,,,,
Feed,2000-11-22 18:04,,,,,,
Feed,2000-11-02 07:04,2000-11-02 07:12,00:08,,,,
Feed,2000-11-19 09:44,2000-11-19 09:52,00:08,,,,
Pump,2000-11-06 21:58,,,,,,
Sleep,2000-09-15 23:18,2000-09-16 01:30,02:11,,,,
Feed,2000-12-13 14:22,2000-12-13 14:27,00:04,,,,
Sleep,2000-09-11 17:00,2000-09-11 17:20,00:20,,,,
Feed,2000-10-29 08:59,2000-10-29 09:08,00:09,,,,
Sleep,2000-12-16 00:34,2000-12-16 02:20,01:46,,,,
Feed,2000-11-25 18:27,2000-11-25 18:38,00:10,,,,
Sleep,2000-10-02 00:20,2000-10-02 01:57,01:37,,,,
Sleep,2000-11-01 20:05,2000-11-02 02:11,06:06,,,,
Sleep,2000-10-10 22:10,2000-10-11 01:01,02:51,,,,
Feed,2000-09-24 07:36,2000-09-24 07:47,00:11,,,,
Sleep,2000-10-21 19:33,2000-10-22 02:30,06:56,,,,
Pump,2000-09-27 02:40,,,,,,
Sleep,2000-11-10 12:24,2000-11-10 15:07,02:43,,,,
Sleep,2000-11-28 19:26,2000-11-28 20:59,01:33,,,,
Sleep,2000-10-20 13:09,2000-10-20 15:20,02:10,,,,
Feed,2000-12-02 02:10,2000-12-02 02:17,00:06,,,,
Sleep,2000-09-09 22:22,2000-09-10 03:30,05:07,,,,
Sleep,2000-11-25 23:20,2000-11-26 01:05,01:45,,,,
Sleep,2000-10-28 15:00,2000-10-28 15:27,00:27,,,,
Sleep,2000-12-04 22:53,2000-12-05 00:25,01:32,,,,
Feed,2000-10-25 17:31,2000-10-25 17:38,00:07,,,,
Feed,2000-09-02 20:16,2000-09-02 20:24,00:08,,,,
Feed,2000-12-03 17:52,2000-12-03 17:58,00:06,,,,
Feed,2000-11-03 15:29,2000-11-03 15:37,00:08,,,,
Feed,2000-11-26 17:06,2000-11-26 17:16,00:10,,,,
Sleep,2000-09-13 10:13,2000-09-13 10:49,00:36,,,,
Sleep,2000-10-13 02:02,2000-10-13 02:30,00:28,,,,
Feed,2000-11-28 22:34,2000-11-28 22:46,00:12,,,,
Feed,2000-10-13 03:00,2000-10-13 03:11,00:11,,,,
Feed,2000-09-05 15:53,2000-09-05 16:23,00:29,,,,
Sleep,2000-10-23 04:23,2000-10-23 06:21,01:58,,,,
Feed,2000-11-11 04:39,2000-11-11 04:47,00:07,,,,
Sleep,2000-10-10 17:35,2000-10-10 17:58,00:22,,,,
Sleep,2000-10-28 06:37,2000-10-28 06:47,00:10,,,,
Feed,2000-11-15 09:15,2000-11-15 09:24,00:09,,,,
Feed,2000-09-12 07:26,2000-09-12 07:33,00:07,,,,
Sleep,2000-09-01 17:20,2000-09-01 18:00,00:40,,,,
Feed,2000-11-26 18:26,2000-11-26 18:31,00:04,,,,
Feed,2000-11-18 06:59,2000-11-18 07:06,00:07,,,,
Feed,2000-11-15 18:22,2000-11-15 18:30,00:08,,,,
Feed,2000-10-29 15:25,2000-10-29 15:34,00:08,,,,
Feed,2000-11-28 00:19,2000-11-28 00:29,00:10,,,,
Feed,2000-12-07 09:31,2000-12-07 09:37,00:05,,,,
Feed,2000-09-02 18:30,2000-09-02 18:42,00:12,,,,
Feed,2000-11-21 15:03,2000-11-21 15:17,00:14,,,,
Sleep,2000-12-15 05:58,2000-12-15 06:54,00:56,,,,
Sleep,2000-11-09 19:46,2000-11-09 22:28,02:42,,,,
Feed,2000-09-27 17:29,2000-09-27 17:43,00:13,,,,
Feed,2000-11-11 07:45,2000-11-11 07:56,00:10,,,,
Feed,2000-11-26 06:56,2000-11-26 07:03,00:07,,,,
Sleep,2000-11-06 19:25,2000-11-07 00:31,05:06,,,,
Sleep,2000-11-16 01:12,2000-11-16 02:05,00:53,,,,
Sleep,2000-09-27 10:45,2000-09-27 12:29,01:44,,,,
Sleep,2000-09-07 17:00,2000-09-07 17:30,00:30,,,,
Sleep,2000-10-12 06:10,2000-10-12 08:00,01:50,,,,
Sleep,2000-11-30 13:02,2000-11-30 15:24,02:22,,,,
Sleep,2000-10-13 03:58,2000-10-13 06:40,02:41,,,,
Sleep,2000-12-10 13:27,2000-12-10 14:01,00:33,,,,
Feed,2000-11-21 10:33,2000-11-21 10:48,00:15,,,,
Feed,2000-10-21 06:25,2000-10-21 06:34,00:09,,,,
Sleep,2000-10-05 12:17,2000-10-05 14:34,02:16,,,,
Sleep,2000-10-31 12:35,2000-10-31 15:37,03:02,,,,
Feed,2000-12-08 18:20,2000-12-08 18:25,00:04,,,,
Feed,2000-09-13 06:56,2000-09-13 07:12,00:15,,,,
Feed,2000-12-08 15:46,2000-12-08 15:53,00:06,,,,
Sleep,2000-12-08 22:00,2000-12-08 23:16,01:16,,,,
Feed,2000-10-26 05:47,2000-10-26 05:56,00:09,,,,
Feed,2000-09-20 19:52,2000-09-20 20:03,00:11,,,,
Feed,2000-12-08 21:52,2000-12-08 21:59,00:07,,,,
Sleep,2000-10-01 19:47,2000-10-01 21:44,01:57,,,,
Feed,2000-12-16 07:22,2000-12-16 07:31,00:09,,,,
Feed,2000-10-24 18:51,2000-10-24 19:00,00:09,,,,
Sleep,2000-11-11 22:57,2000-11-12 03:23,04:26,,,,
Feed,2000-10-29 06:43,2000-10-29 06:54,00:10,,,,
Feed,2000-10-26 09:11,2000-10-26 09:20,00:09,,,,
Feed,2000-10-09 00:32,2000-10-09 00:46,00:14,,,,
Feed,2000-11-05 17:17,2000-11-05 17:26,00:09,,,,
Feed,2000-10-18 05:26,2000-10-18 05:33,00:07,,,,
Feed,2000-11-28 07:17,2000-11-28 07:25,00:07,,,,
Feed,2000-11-22 06:06,2000-11-22 06:21,00:14,,,,
Sleep,2000-12-06 09:05,2000-12-06 09:40,00:35,,,,
Feed,2000-09-15 15:56,2000-09-15 16:06,00:10,,,,
Feed,2000-09-25 03:52,2000-09-25 04:05,00:12,,,,
Sleep,2000-12-09 14:43,2000-12-09 15:55,01:12,,,,
Sleep,2000-10-12 02:45,2000-10-12 05:40,02:54,,,,
Feed,2000-12-04 16:58,2000-12-04 17:05,00:07,,,,
Feed,2000-12-16 09:49,2000-12-16 09:54,00:05,,,,
Sleep,2000-12-13 02:03,2000-12-13 03:02,00:59,,,,
Feed,2000-11-27 17:41,2000-11-27 17:49,00:08,,,,
Feed,2000-11-20 22:32,2000-11-20 22:47,00:15,,,,
Feed,2000-12-13 01:21,2000-12-13 01:29,00:08,,,,
Feed,2000-09-12 14:01,2000-09-12 14:25,00:24,,,,
Feed,2000-12-08 06:47,2000-12-08 06:53,00:06,,,,
Feed,2000-12-12 11:42,2000-12-12 11:53,00:11,,,,
Sleep,2000-11-08 11:46,2000-11-08 12:20,00:34,,,,
Sleep,2000-09-22 09:34,2000-09-22 11:46,02:12,,,,
Feed,2000-09-28 01:30,2000-09-28 01:45,00:15,,,,
Feed,2000-11-19 10:58,2000-11-19 11:03,00:05,,,,
Sleep,2000-10-25 14:00,2000-10-25 14:52,00:52,,,,
Sleep,2000-11-24 19:50,2000-11-24 21:37,01:46,,,,
Feed,2000-11-13 11:24,2000-11-13 11:29,00:05,,,,
Sleep,2000-11-27 22:58,2000-11-28 00:20,01:22,,,,
Sleep,2000-11-30 09:49,2000-11-30 10:49,01:00,,,,
Sleep,2000-11-01 12:20,2000-11-01 15:05,02:45,,,,
Sleep,2000-11-22 11:17,2000-11-22 11:45,00:28,,,,
Sleep,2000-11-05 12:15,2000-11-05 15:37,03:21,,,,
Sleep,2000-10-01 11:50,2000-10-01 14:30,02:40,,,,
Sleep,2000-09-18 19:50,2000-09-18 20:12,00:22,,,,
Feed,2000-11-18 08:49,2000-11-18 08:56,00:06,,,,
Sleep,2000-11-18 11:20,2000-11-18 12:20,00:59,,,,
Sleep,2000-10-28 13:41,2000-10-28 14:51,01:10,,,,
Sleep,2000-12-01 00:17,2000-12-01 01:43,01:25,,,,
Sleep,2000-12-14 01:06,2000-12-14 02:18,01:11,,,,
Sleep,2000-11-21 03:33,2000-11-21 05:39,02:06,,,,
Sleep,2000-10-07 20:10,2000-10-08 00:30,04:20,,,,
Sleep,2000-10-16 13:22,2000-10-16 13:52,00:30,,,,
Sleep,2000-10-27 04:51,2000-10-27 06:02,01:11,,,,
Sleep,2000-09-21 21:09,2000-09-21 21:59,00:50,,,,
Feed,2000-11-17 09:05,2000-11-17 09:12,00:06,,,,
Pump,2000-10-02 12:05,,,,,,
Feed,2000-09-19 15:46,2000-09-19 16:06,00:19,,,,
Sleep,2000-12-15 16:55,2000-12-15 17:37,00:41,,,,
Feed,2000-09-05 10:23,2000-09-05 10:39,00:15,,,,
Feed,2000-12-01 22:13,2000-12-01 22:21,00:07,,,,
Sleep,2000-12-07 13:18,2000-12-07 15:19,02:01,,,,
Sleep,2000-11-18 18:20,2000-11-18 18:49,00:28,,,,
Feed,2000-11-13 17:04,2000-11-13 17:11,00:07,,,,
Feed,2000-11-22 20:52,2000-11-22 21:00,00:08,,,,
Sleep,2000-10-19 19:15,2000-10-19 19:49,00:34,,,,
Feed,2000-10-09 18:58,2000-10-09 19:06,00:08,,,,
Sleep,2000-11-08 20:17,2000-11-09 03:04,06:47,,,,
Feed,2000-11-11 15:14,2000-11-11 15:26,00:12,,,,
Sleep,2000-11-28 11:35,2000-11-28 12:42,01:07,,,,
Sleep,2000-10-20 06:54,2000-10-20 08:31,01:36,,,,
Feed,2000-09-29 11:42,2000-09-29 11:55,00:13,,,,
Feed,2000-10-04 11:10,2000-10-04 11:35,00:25,,,,
Sleep,2000-12-14 12:25,2000-12-14 13:00,00:35,,,,
Sleep,2000-12-03 00:02,2000-12-03 00:30,00:28,,,,
Sleep,2000-12-16 19:56,2000-12-16 20:55,00:59,,,,
Feed,2000-11-19 06:18,2000-11-19 06:26,00:07,,,,
Sleep,2000-11-24 08:55,2000-11-24 09:36,00:41,,,,
Feed,2000-12-16 00:22,2000-12-16 00:33,00:11,,,,
Feed,2000-10-16 02:57,2000-10-16 03:12,00:14,,,,
Feed,2000-11-12 18:46,2000-11-12 18:57,00:10,,,,
Feed,2000-11-15 11:06,2000-11-15 11:16,00:09,,,,
Feed,2000-12-13 00:09,2000-12-13 00:16,00:06,,,,
Feed,2000-09-24 04:34,2000-09-24 04:50,00:15,,,,
Sleep,2000-12-08 12:06,2000-12-08 14:31,02:25,,,,
Feed,2000-10-14 11:58,2000-10-14 12:05,00:07,,,,
Sleep,2000-09-19 14:30,2000-09-19 15:25,00:55,,,,
Feed,2000-12-05 05:06,2000-12-05 05:15,00:09,,,,
Growth,2000-11-16 16:27,,,,,,
Feed,2000-11-17 02:47,2000-11-17 02:58,00:10,,,,
Sleep,2000-11-03 13:41,2000-11-03 13:59,00:18,,,,
Feed,2000-11-29 01:25,2000-11-29 01:32,00:06,,,,
Feed,2000-11-21 05:50,2000-11-21 06:05,00:15,,,,
Sleep,2000-11-26 20:57,2000-11-26 22:37,01:40,,,,
Feed,2000-12-11 23:58,2000-12-12 00:07,00:09,,,,
Sleep,2000-09-18 21:42,2000-09-19 00:06,02:23,,,,
Sleep,2000-11-19 00:45,2000-11-19 02:10,01:24,,,,
Feed,2000-11-30 00:20,2000-11-30 00:27,00:07,,,,
Feed,2000-12-08 11:20,2000-12-08 11:26,00:06,,,,
Sleep,2000-11-06 02:30,2000-11-06 05:06,02:36,,,,
Sleep,2000-12-04 01:47,2000-12-04 03:35,01:48,,,,
Feed,2000-11-24 04:51,2000-11-24 05:03,00:12,,,,
Sleep,2000-12-16 14:00,2000-12-16 14:47,00:47,,,,
Feed,2000-11-08 16:08,2000-11-08 16:18,00:09,,,,
Sleep,2000-11-27 19:25,2000-11-27 19:56,00:31,,,,
Feed,2000-09-30 05:31,2000-09-30 05:46,00:15,,,,
Sleep,2000-10-01 08:50,2000-10-01 09:50,01:00,,,,
Sleep,2000-10-29 10:31,2000-10-29 10:59,00:28,,,,
Sleep,2000-11-25 17:08,2000-11-25 18:26,01:17,,,,
Feed,2000-11-17 00:52,2000-11-17 01:00,00:07,,,,
Sleep,2000-12-14 04:08,2000-12-14 05:45,01:37,,,,
Sleep,2000-11-12 23:16,2000-11-13 01:17,02:00,,,,
Sleep,2000-10-26 19:34,2000-10-27 01:10,05:35,,,,
Feed,2000-12-02 06:05,2000-12-02 06:13,00:08,,,,
Feed,2000-11-20 11:58,2000-11-20 12:09,00:11,,,,
Feed,2000-11-12 10:21,2000-11-12 10:31,00:09,,,,
Feed,2000-10-17 12:27,2000-10-17 12:35,00:08,,,,
Pump,2000-09-21 02:53,,,,,,
Sleep,2000-09-25 19:40,2000-09-26 00:15,04:35,,,,
Feed,2000-12-10 05:57,2000-12-10 06:06,00:09,,,,
Sleep,2000-11-14 11:00,2000-11-14 11:43,00:43,,,,
Feed,2000-09-09 09:09,2000-09-09 09:29,00:19,,,,
Sleep,2000-11-25 20:26,2000-11-25 22:54,02:28,,,,
Feed,2000-10-24 15:57,2000-10-24 16:06,00:08,,,,
Sleep,2000-12-14 02:40,2000-12-14 03:56,01:16,,,,
Feed,2000-12-02 17:02,2000-12-02 17:08,00:06,,,,
Sleep,2000-11-28 22:34,2000-11-28 23:48,01:14,,,,
Feed,2000-11-20 10:23,2000-11-20 10:38,00:14,,,,
Feed,2000-11-09 16:54,2000-11-09 17:01,00:06,,,,
Feed,2000-11-16 22:11,2000-11-16 22:18,00:06,,,,
Feed,2000-10-03 09:10,2000-10-03 09:22,00:12,,,,
Sleep,2000-10-28 03:55,2000-10-28 04:47,00:52,,,,
Feed,2000-09-21 23:55,2000-09-22 00:09,00:14,,,,
Sleep,2000-11-20 11:19,2000-11-20 11:53,00:33,,,,
Feed,2000-11-21 16:59,2000-11-21 17:21,00:22,,,,
Sleep,2000-10-07 00:50,2000-10-07 04:00,03:10,,,,
Feed,2000-12-01 12:34,2000-12-01 12:41,00:07,,,,
Feed,2000-10-09 15:41,2000-10-09 15:50,00:09,,,,
Sleep,2000-10-03 06:30,2000-10-03 07:36,01:06,,,,
Sleep,2000-10-08 10:00,2000-10-08 10:30,00:30,,,,
Feed,2000-11-01 18:09,2000-11-01 18:15,00:05,,,,
Sleep,2000-11-29 18:38,2000-11-29 18:58,00:20,,,,
Sleep,2000-10-29 07:58,2000-10-29 08:48,00:50,,,,
Feed,2000-11-05 07:55,2000-11-05 08:03,00:08,,,,
Feed,2000-09-17 14:38,2000-09-17 14:49,00:10,,,,
Feed,2000-09-22 19:53,2000-09-22 20:14,00:21,,,,
Sleep,2000-11-14 04:15,2000-11-14 04:53,00:38,,,,
Sleep,2000-11-04 06:15,2000-11-04 07:08,00:52,,,,
Sleep,2000-09-13 12:35,2000-09-13 15:10,02:35,,,,
Feed,2000-09-06 10:43,2000-09-06 10:58,00:15,,,,
Sleep,2000-11-29 03:38,2000-11-29 04:56,01:18,,,,
Feed,2000-09-02 10:45,2000-09-02 11:20,00:35,,,,
Sleep,2000-10-20 12:40,2000-10-20 12:49,00:09,,,,
Feed,2000-12-02 07:37,2000-12-02 07:45,00:08,,,,
Sleep,2000-10-21 05:29,2000-10-21 06:19,00:49,,,,
Feed,2000-11-30 21:49,2000-11-30 21:58,00:08,,,,
Sleep,2000-12-14 18:10,2000-12-14 19:15,01:05,,,,
Sleep,2000-11-29 05:10,2000-11-29 05:49,00:39,,,,
Feed,2000-12-01 08:55,2000-12-01 09:00,00:05,,,,
Feed,2000-11-23 11:29,2000-11-23 11:36,00:06,,,,
Feed,2000-11-08 03:00,,,,,,
Feed,2000-11-01 10:58,2000-11-01 11:06,00:07,,,,
Feed,2000-11-03 10:13,2000-11-03 10:21,00:07,,,,
Sleep,2000-09-04 09:05,2000-09-04 10:05,01:00,,,,
Feed,2000-11-20 19:26,,,,,,
Feed,2000-10-14 10:26,2000-10-14 10:38,00:11,,,,
Sleep,2000-11-15 06:13,2000-11-15 07:10,00:57,,,,
Sleep,2000-11-06 06:04,2000-11-06 07:10,01:05,,,,
Sleep,2000-10-10 11:19,2000-10-10 11:45,00:25,,,,
Sleep,2000-10-17 14:19,2000-10-17 14:24,00:05,,,,
Sleep,2000-10-16 14:23,2000-10-16 15:49,01:26,,,,
Feed,2000-12-04 03:35,2000-12-04 03:48,00:13,,,,
Sleep,2000-12-06 19:43,2000-12-06 20:44,01:01,,,,
Sleep,2000-11-17 16:20,2000-11-17 16:44,00:24,,,,
Feed,2000-10-28 08:16,2000-10-28 08:28,00:12,,,,
Sleep,2000-09-30 02:22,2000-09-30 05:21,02:58,,,,
Feed,2000-09-26 00:29,2000-09-26 00:44,00:15,,,,
Feed,2000-10-13 10:27,2000-10-13 10:36,00:09,,,,
Feed,2000-09-14 18:46,2000-09-14 18:53,00:06,,,,
Feed,2000-09-05 08:26,2000-09-05 08:34,00:08,,,,
Feed,2000-12-02 00:16,2000-12-02 00:24,00:07,,,,
Sleep,2000-09-30 08:11,2000-09-30 09:40,01:29,,,,
Growth,2000-11-25 12:10,,,,,,
Feed,2000-09-26 14:03,2000-09-26 14:13,00:09,,,,
Feed,2000-12-13 22:37,2000-12-13 22:47,00:09,,,,
Sleep,2000-09-06 08:06,2000-09-06 10:30,02:23,,,,
Sleep,2000-12-09 18:08,2000-12-09 18:13,00:05,,,,
Feed,2000-09-19 11:45,2000-09-19 12:08,00:23,,,,
Feed,2000-09-11 14:05,2000-09-11 14:13,00:08,,,,
Feed,2000-10-16 06:29,2000-10-16 06:40,00:11,,,,
Feed,2000-12-09 05:27,2000-12-09 05:36,00:09,,,,
Sleep,2000-09-11 13:34,2000-09-11 13:57,00:23,,,,
Feed,2000-10-29 11:17,2000-10-29 11:20,00:03,,,,
Feed,2000-09-20 08:59,2000-09-20 09:13,00:14,,,,
Feed,2000-12-16 22:14,2000-12-16 22:24,00:10,,,,
Feed,2000-10-01 18:47,2000-10-01 18:54,00:07,,,,
Feed,2000-12-09 17:50,2000-12-09 17:58,00:07,,,,
Sleep,2000-09-06 12:14,2000-09-06 14:29,02:15,,,,
Feed,2000-10-18 15:25,2000-10-18 15:37,00:12,,,,
Sleep,2000-11-17 06:36,2000-11-17 07:41,01:05,,,,
Sleep,2000-11-07 13:03,2000-11-07 13:40,00:36,,,,
Sleep,2000-10-26 01:46,2000-10-26 05:46,03:59,,,,
Sleep,2000-09-19 05:34,2000-09-19 07:00,01:25,,,,
Sleep,2000-10-11 06:48,2000-10-11 09:20,02:31,,,,
Feed,2000-11-28 18:45,2000-11-28 18:49,00:04,,,,
Sleep,2000-09-07 19:14,2000-09-07 19:45,00:31,,,,
Feed,2000-09-21 16:16,2000-09-21 16:30,00:14,,,,
Feed,2000-10-02 10:27,2000-10-02 10:39,00:12,,,,
Feed,2000-11-24 07:46,2000-11-24 07:53,00:07,,,,
Feed,2000-11-30 23:57,2000-12-01 00:04,00:07,,,,
Feed,2000-10-20 18:07,2000-10-20 18:16,00:09,,,,
Pump,2000-09-25 13:40,,,,,,
Sleep,2000-09-14 03:32,2000-09-14 06:24,02:52,,,,
Sleep,2000-11-01 05:32,2000-11-01 06:50,01:17,,,,
Sleep,2000-12-12 18:45,2000-12-12 19:04,00:19,,,,
Sleep,2000-12-12 13:20,2000-12-12 14:08,00:48,,,,
Sleep,2000-09-04 13:20,2000-09-04 15:00,01:40,,,,
Sleep,2000-12-12 21:34,2000-12-12 22:46,01:11,,,,
Sleep,2000-09-20 12:41,2000-09-20 15:33,02:51,,,,
Sleep,2000-09-29 19:50,2000-09-29 20:50,01:00,,,,
Sleep,2000-09-21 02:54,2000-09-21 06:00,03:06,,,,
Feed,2000-09-27 07:17,2000-09-27 07:26,00:08,,,,
Sleep,2000-12-16 17:20,2000-12-16 17:52,00:31,,,,
Feed,2000-12-06 22:51,2000-12-06 22:59,00:08,,,,
Feed,2000-10-08 17:30,2000-10-08 17:42,00:11,,,,
Sleep,2000-10-08 01:30,2000-10-08 04:41,03:11,,,,
Feed,2000-10-06 18:31,2000-10-06 18:46,00:14,,,,
Feed,2000-11-25 22:55,2000-11-25 23:07,00:12,,,,
Feed,2000-11-28 10:45,2000-11-28 10:52,00:07,,,,
Feed,2000-12-10 07:46,2000-12-10 07:56,00:10,,,,
Sleep,2000-10-17 04:43,2000-10-17 06:31,01:48,,,,
Sleep,2000-11-18 20:32,2000-11-18 22:24,01:52,,,,
Feed,2000-10-16 17:48,2000-10-16 17:57,00:09,,,,
Feed,2000-12-05 22:24,2000-12-05 22:28,00:04,,,,
Sleep,2000-09-12 13:15,2000-09-12 13:37,00:22,,,,
Sleep,2000-09-29 12:55,2000-09-29 15:35,02:40,,,,
Feed,2000-11-02 18:00,2000-11-02 18:07,00:07,,,,
Feed,2000-11-24 02:17,2000-11-24 02:26,00:09,,,,
Sleep,2000-10-17 13:13,2000-10-17 13:43,00:29,,,,
Feed,2000-09-16 19:01,2000-09-16 19:13,00:12,,,,
Sleep,2000-11-06 12:45,2000-11-06 14:41,01:56,,,,
Sleep,2000-10-31 20:00,2000-10-31 23:14,03:13,,,,
Feed,2000-12-10 16:41,2000-12-10 16:51,00:10,,,,
Sleep,2000-09-23 02:33,2000-09-23 04:19,01:46,,,,
Sleep,2000-10-01 02:11,2000-10-01 05:40,03:29,,,,
Sleep,2000-12-05 14:42,2000-12-05 15:40,00:58,,,,
Sleep,2000-11-06 17:06,2000-11-06 17:53,00:47,,,,
Sleep,2000-12-13 01:31,2000-12-13 02:00,00:29,,,,
Feed,2000-10-12 17:29,2000-10-12 17:46,00:17,,,,
Sleep,2000-12-12 10:51,2000-12-12 11:37,00:46,,,,
Sleep,2000-10-30 12:19,2000-10-30 14:55,02:35,,,,
Sleep,2000-09-13 08:01,2000-09-13 08:49,00:47,,,,
Sleep,2000-12-03 05:45,2000-12-03 06:49,01:03,,,,
Feed,2000-12-13 10:38,2000-12-13 10:47,00:08,,,,
Pump,2000-09-23 06:18,,,,,,
Feed,2000-12-16 15:40,2000-12-16 15:49,00:08,,,,
Feed,2000-12-12 01:18,2000-12-12 01:26,00:07,,,,
Sleep,2000-10-25 01:54,2000-10-25 02:34,00:40,,,,
Sleep,2000-11-29 06:05,2000-11-29 07:00,00:54,,,,
Feed,2000-12-14 22:06,2000-12-14 22:17,00:11,,,,
Feed,2000-09-11 05:58,2000-09-11 06:06,00:07,,,,
Feed,2000-09-06 17:29,2000-09-06 17:40,00:10,,,,
Feed,2000-11-15 05:33,2000-11-15 05:44,00:10,,,,
Feed,2000-11-26 02:59,2000-11-26 03:08,00:09,,,,
Feed,2000-11-08 05:40,2000-11-08 05:45,00:05,,,,
Sleep,2000-11-07 11:02,2000-11-07 11:53,00:50,,,,
Sleep,2000-10-30 00:00,2000-10-30 01:56,01:56,,,,
Sleep,2000-12-02 20:22,2000-12-02 21:28,01:06,,,,
Sleep,2000-09-11 06:44,2000-09-11 07:18,00:33,,,,
Feed,2000-09-25 11:59,2000-09-25 12:10,00:11,,,,
Sleep,2000-11-03 14:22,2000-11-03 15:23,01:01,,,,
Feed,2000-12-12 22:47,2000-12-12 22:56,00:09,,,,
Sleep,2000-10-07 13:30,2000-10-07 15:50,02:20,,,,
Feed,2000-11-08 09:24,2000-11-08 09:35,00:11,,,,
Feed,2000-12-04 22:44,2000-12-04 22:51,00:06,,,,
Feed,2000-11-29 17:34,2000-11-29 17:39,00:04,,,,
Sleep,2000-11-13 05:25,2000-11-13 06:20,00:54,,,,
Feed,2000-09-08 09:41,2000-09-08 09:52,00:11,,,,
Feed,2000-12-09 17:00,2000-12-09 17:07,00:07,,,,
Sleep,2000-11-10 00:41,2000-11-10 03:00,02:18,,,,
Sleep,2000-11-15 17:35,2000-11-15 17:47,00:11,,,,
Feed,2000-09-10 18:07,2000-09-10 18:23,00:15,,,,
Sleep,2000-09-15 19:00,2000-09-15 21:57,02:57,,,,
Feed,2000-12-05 10:12,,,,,,
Sleep,2000-11-25 08:23,2000-11-25 09:08,00:45,,,,
Sleep,2000-12-02 17:54,2000-12-02 18:50,00:55,,,,
Sleep,2000-09-16 02:41,2000-09-16 05:50,03:08,,,,
Feed,2000-09-13 17:41,2000-09-13 17:52,00:11,,,,
Feed,2000-11-08 07:33,2000-11-08 07:44,00:11,,,,
Feed,2000-11-30 07:22,2000-11-30 07:31,00:09,,,,
Feed,2000-10-19 06:51,2000-10-19 07:01,00:10,,,,
Feed,2000-12-15 17:57,2000-12-15 18:03,00:05,,,,
Feed,2000-09-29 15:42,2000-09-29 15:53,00:11,,,,
Sleep,2000-12-13 09:50,2000-12-13 10:30,00:40,,,,
Sleep,2000-09-20 10:30,2000-09-20 10:58,00:28,,,,
Sleep,2000-12-12 03:10,2000-12-12 04:54,01:44,,,,
Sleep,2000-12-01 22:30,2000-12-02 00:16,01:46,,,,
Feed,2000-11-30 16:30,2000-11-30 16:35,00:05,,,,
Sleep,2000-11-03 05:09,2000-11-03 06:00,00:50,,,,
Pump,2000-09-27 02:14,,,,,,
Feed,2000-11-03 12:08,2000-11-03 12:17,00:09,,,,
Sleep,2000-11-26 01:39,2000-11-26 02:58,01:18,,,,
Feed,2000-09-12 08:40,2000-09-12 08:59,00:19,,,,
Sleep,2000-10-18 08:17,2000-10-18 08:40,00:22,,,,
Sleep,2000-11-05 17:46,2000-11-05 18:39,00:52,,,,
Sleep,2000-11-14 12:59,2000-11-14 15:01,02:02,,,,
Feed,2000-09-30 07:47,2000-09-30 07:56,00:09,,,,
Sleep,2000-11-23 02:28,2000-11-23 03:25,00:57,,,,
Feed,2000-09-29 18:06,2000-09-29 18:17,00:11,,,,
Feed,2000-09-01 03:13,2000-09-01 03:22,00:08,,,,
Feed,2000-10-08 19:05,2000-10-08 19:16,00:11,,,,
Feed,2000-10-19 15:24,2000-10-19 15:34,00:10,,,,
Feed,2000-09-22 15:30,2000-09-22 15:42,00:11,,,,
Sleep,2000-10-20 09:33,2000-10-20 10:14,00:40,,,,
Sleep,2000-11-05 20:02,2000-11-06 01:31,05:29,,,,
Sleep,2000-11-14 01:36,2000-11-14 02:14,00:38,,,,
Sleep,2000-09-22 00:22,2000-09-22 03:05,02:42,,,,
Sleep,2000-11-24 22:15,2000-11-25 00:12,01:57,,,,
Feed,2000-10-02 17:48,2000-10-02 18:01,00:13,,,,
Feed,2000-12-03 23:18,2000-12-03 23:30,00:11,,,,
Feed,2000-10-19 17:47,2000-10-19 17:56,00:08,,,,
Feed,2000-11-10 08:27,2000-11-10 08:37,00:10,,,,
Sleep,2000-10-01 06:30,2000-10-01 07:52,01:22,,,,
Sleep,2000-11-28 21:18,2000-11-28 22:32,01:14,,,,
Feed,2000-12-12 17:02,2000-12-12 17:17,00:15,,,,
Feed,2000-12-05 12:10,,,,,,
Sleep,2000-10-03 19:43,2000-10-04 00:45,05:01,,,,
Feed,2000-11-04 07:10,2000-11-04 07:20,00:10,,,,
Sleep,2000-09-29 21:20,2000-09-30 01:10,03:50,,,,
Feed,2000-10-19 11:37,2000-10-19 11:46,00:09,,,,
Sleep,2000-10-19 07:40,2000-10-19 08:37,00:57,,,,
Feed,2000-11-23 04:56,2000-11-23 05:05,00:09,,,,
Pump,2000-10-29 11:00,,,,,,
Sleep,2000-10-09 13:17,2000-10-09 15:34,02:17,,,,
Feed,2000-12-06 10:04,,,,,,
Sleep,2000-10-31 18:02,2000-10-31 18:50,00:48,,,,
Feed,2000-10-23 03:38,2000-10-23 03:47,00:09,,,,
Sleep,2000-12-11 13:20,2000-12-11 14:20,01:00,,,,
Feed,2000-09-01 07:04,2000-09-01 07:15,00:10,,,,
Feed,2000-11-17 04:52,2000-11-17 05:01,00:08,,,,
Sleep,2000-10-14 19:34,2000-10-15 02:36,07:02,,,,
Sleep,2000-12-11 00:06,2000-12-11 01:22,01:16,,,,
Feed,2000-09-24 12:08,2000-09-24 12:22,00:14,,,,
Feed,2000-12-14 00:57,2000-12-14 01:06,00:09,,,,
Sleep,2000-12-15 21:49,2000-12-15 22:56,01:06,,,,
Feed,2000-11-21 17:35,2000-11-21 17:48,00:13,,,,
Sleep,2000-12-16 02:30,2000-12-16 03:57,01:27,,,,
Feed,2000-12-07 18:45,2000-12-07 18:47,00:02,,,,
Sleep,2000-12-11 22:44,2000-12-11 23:57,01:13,,,,
Sleep,2000-11-13 17:32,2000-11-13 18:21,00:49,,,,
Sleep,2000-10-28 17:50,2000-10-28 18:50,01:00,,,,
Feed,2000-11-20 08:38,2000-11-20 08:40,00:01,,,,
Sleep,2000-09-11 12:15,2000-09-11 13:02,00:47,,,,
Sleep,2000-11-17 10:40,2000-11-17 11:00,00:20,,,,
Sleep,2000-12-12 05:42,2000-12-12 06:47,01:05,,,,
Sleep,2000-11-02 04:20,2000-11-02 07:03,02:42,,,,
Sleep,2000-11-18 07:49,2000-11-18 08:39,00:50,,,,
Feed,2000-11-02 08:43,2000-11-02 08:51,00:07,,,,
Sleep,2000-11-16 20:21,2000-11-16 22:10,01:49,,,,
Sleep,2000-09-15 11:50,2000-09-15 15:50,04:00,,,,
Feed,2000-12-07 08:12,,,,,,
Feed,2000-10-18 10:20,2000-10-18 10:28,00:08,,,,
Feed,2000-12-05 15:40,2000-12-05 15:48,00:07,,,,
Sleep,2000-11-12 04:05,2000-11-12 06:26,02:21,,,,
Feed,2000-12-15 08:57,2000-12-15 09:10,00:12,,,,
Feed,2000-10-31 15:43,2000-10-31 15:52,00:09,,,,
Feed,2000-10-11 18:47,2000-10-11 18:51,00:04,,,,
Feed,2000-10-27 08:49,2000-10-27 08:56,00:07,,,,
Feed,2000-09-08 06:53,2000-09-08 07:05,00:11,,,,
Sleep,2000-09-12 05:28,2000-09-12 06:26,00:57,,,,
Feed,2000-10-24 17:39,2000-10-24 17:45,00:06,,,,
Feed,2000-12-11 02:44,2000-12-11 02:49,00:05,,,,
Feed,2000-10-04 18:14,,,,,,
Sleep,2000-10-16 03:46,2000-10-16 05:40,01:53,,,,
Sleep,2000-10-02 12:05,2000-10-02 13:00,00:55,,,,
Sleep,2000-10-28 12:55,2000-10-28 13:27,00:32,,,,
Sleep,2000-12-10 22:41,2000-12-10 23:55,01:14,,,,
Feed,2000-12-08 14:37,2000-12-08 14:45,00:08,,,,
Feed,2000-10-12 05:47,2000-10-12 05:55,00:07,,,,
Feed,2000-10-10 08:12,2000-10-10 08:19,00:07,,,,
Sleep,2000-12-12 01:36,2000-12-12 02:54,01:17,,,,
Feed,2000-10-31 09:31,2000-10-31 09:41,00:09,,,,
Sleep,2000-10-28 05:00,2000-10-28 05:40,00:40,,,,
Sleep,2000-09-14 22:15,2000-09-15 01:12,02:57,,,,
Feed,2000-11-07 18:51,2000-11-07 19:01,00:10,,,,
Sleep,2000-12-15 23:09,2000-12-16 00:21,01:12,,,,
Sleep,2000-10-25 13:09,2000-10-25 13:42,00:33,,,,
Feed,2000-11-26 05:25,2000-11-26 05:37,00:11,,,,
Feed,2000-10-05 10:49,2000-10-05 10:57,00:08,,,,
Feed,2000-10-03 01:32,2000-10-03 01:42,00:09,,,,
Feed,2000-10-25 11:54,2000-10-25 12:01,00:07,,,,
Feed,2000-10-15 18:10,2000-10-15 18:23,00:12,,,,
Sleep,2000-11-17 03:40,2000-11-17 04:45,01:05,,,,
Feed,2000-09-13 08:54,2000-09-13 09:11,00:17,,,,
Feed,2000-09-11 14:55,2000-09-11 15:03,00:07,,,,
Feed,2000-10-12 11:16,2000-10-12 11:22,00:06,,,,
Sleep,2000-11-30 03:22,2000-11-30 04:30,01:08,,,,
Feed,2000-09-06 03:50,2000-09-06 04:01,00:11,,,,
Feed,2000-10-17 02:56,2000-10-17 03:05,00:09,,,,
Sleep,2000-11-19 09:09,2000-11-19 09:35,00:25,,,,
Sleep,2000-09-03 10:23,2000-09-03 14:18,03:54,,,,
Feed,2000-12-11 22:36,2000-12-11 22:43,00:07,,,,
Feed,2000-11-14 18:08,2000-11-14 18:18,00:10,,,,
Feed,2000-09-18 20:45,2000-09-18 20:54,00:09,,,,
Sleep,2000-09-08 11:02,2000-09-08 14:10,03:08,,,,
Sleep,2000-09-01 11:30,2000-09-01 13:46,02:16,,,,
Feed,2000-11-24 21:38,2000-11-24 21:51,00:13,,,,
Sleep,2000-11-13 22:40,2000-11-13 23:38,00:58,,,,
Feed,2000-09-04 17:22,2000-09-04 17:33,00:10,,,,
Feed,2000-10-18 17:29,2000-10-18 17:37,00:08,,,,
Feed,2000-11-21 03:12,,,,,,
Feed,2000-11-23 03:27,2000-11-23 03:36,00:09,,,,
Sleep,2000-09-21 07:43,2000-09-21 08:24,00:41,,,,
Feed,2000-09-19 18:12,2000-09-19 18:24,00:11,,,,
Feed,2000-12-16 18:23,2000-12-16 18:31,00:08,,,,
Feed,2000-11-05 06:27,2000-11-05 06:37,00:09,,,,
Sleep,2000-10-18 21:38,2000-10-18 22:50,01:11,,,,
Sleep,2000-11-11 17:25,2000-11-11 17:40,00:14,,,,
Sleep,2000-12-11 07:42,2000-12-11 08:30,00:48,,,,
Feed,2000-12-15 21:39,2000-12-15 21:49,00:09,,,,
Feed,2000-09-16 16:37,2000-09-16 16:52,00:14,,,,
Sleep,2000-09-15 07:20,2000-09-15 08:32,01:12,,,,
Feed,2000-11-10 06:40,2000-11-10 06:52,00:12,,,,
Feed,2000-11-30 04:33,2000-11-30 04:43,00:09,,,,
Sleep,2000-09-09 03:31,2000-09-09 06:05,02:33,,,,
Feed,2000-10-07 15:59,2000-10-07 16:15,00:16,,,,
Feed,2000-09-14 08:47,2000-09-14 09:01,00:13,,,,
Sleep,2000-10-25 19:33,2000-10-26 01:10,05:37,,,,
Sleep,2000-10-05 09:30,2000-10-05 10:40,01:10,,,,
Feed,2000-11-01 09:11,2000-11-01 09:19,00:08,,,,
Feed,2000-10-07 07:21,2000-10-07 07:32,00:10,,,,
Sleep,2000-10-09 12:17,2000-10-09 13:09,00:52,,,,
Sleep,2000-12-08 16:58,2000-12-08 17:25,00:26,,,,
Feed,2000-11-07 06:40,2000-11-07 06:51,00:10,,,,
Sleep,2000-11-16 02:59,2000-11-16 04:24,01:25,,,,
Sleep,2000-11-19 04:50,2000-11-19 06:00,01:10,,,,
Feed,2000-11-06 01:43,2000-11-06 01:53,00:10,,,,
Feed,2000-09-13 15:26,2000-09-13 15:37,00:11,,,,
Feed,2000-12-04 19:58,2000-12-04 20:04,00:05,,,,
Feed,2000-12-10 03:24,2000-12-10 03:33,00:08,,,,
Sleep,2000-09-08 19:40,2000-09-08 20:15,00:35,,,,
Sleep,2000-10-05 07:19,2000-10-05 08:19,00:59,,,,
Sleep,2000-11-13 20:14,2000-11-13 22:12,01:57,,,,
Sleep,2000-11-16 06:00,2000-11-16 06:30,00:30,,,,
Feed,2000-12-12 12:43,2000-12-12 12:47,00:03,,,,
Feed,2000-10-09 10:29,2000-10-09 10:40,00:11,,,,
Feed,2000-11-11 22:28,2000-11-11 22:38,00:10,,,,
Sleep,2000-10-01 16:17,2000-10-01 16:57,00:39,,,,
Feed,2000-11-19 15:40,2000-11-19 16:13,00:33,,,,
Sleep,2000-12-13 16:37,2000-12-13 17:29,00:52,,,,
Feed,2000-11-11 06:11,2000-11-11 06:22,00:11,,,,
Feed,2000-11-20 09:24,2000-11-20 09:29,00:05,,,,
Feed,2000-10-22 17:20,2000-10-22 17:29,00:09,,,,
Feed,2000-10-11 09:22,2000-10-11 09:30,00:08,,,,
Sleep,2000-10-03 13:30,2000-10-03 15:29,01:59,,,,
Sleep,2000-12-13 00:16,2000-12-13 01:20,01:04,,,,
Sleep,2000-10-14 10:45,2000-10-14 11:39,00:54,,,,
Feed,2000-10-03 11:27,2000-10-03 11:38,00:10,,,,
Feed,2000-11-17 07:46,2000-11-17 07:54,00:07,,,,
Sleep,2000-09-11 22:08,2000-09-12 01:15,03:07,,,,
Sleep,2000-12-02 09:48,2000-12-02 10:08,00:20,,,,
Sleep,2000-10-17 14:28,2000-10-17 15:14,00:45,,,,
Sleep,2000-12-06 00:36,2000-12-06 03:19,02:42,,,,
Feed,2000-10-27 19:25,2000-10-27 19:34,00:09,,,,
Feed,2000-10-29 18:16,2000-10-29 18:23,00:07,,,,
Feed,2000-12-15 03:33,2000-12-15 03:46,00:12,,,,
Feed,2000-12-01 15:09,,,,,,
Feed,2000-11-19 18:16,2000-11-19 18:27,00:11,,,,
Feed,2000-09-22 11:54,2000-09-22 12:11,00:17,,,,
Sleep,2000-09-26 20:45,2000-09-27 01:45,05:00,,,,
Feed,2000-09-07 20:52,2000-09-07 21:10,00:17,,,,
Sleep,2000-09-24 11:08,2000-09-24 11:38,00:30,,,,
Feed,2000-11-05 10:12,2000-11-05 10:22,00:09,,,,
Feed,2000-09-06 21:39,2000-09-06 21:54,00:15,,,,
Feed,2000-12-07 15:25,2000-12-07 15:33,00:08,,,,
Sleep,2000-10-04 14:50,2000-10-04 15:48,00:57,,,,
Growth,2000-10-27 12:18,,,,,,
Feed,2000-11-15 22:13,2000-11-15 22:22,00:08,,,,
Sleep,2000-09-20 08:10,2000-09-20 08:50,00:40,,,,
Feed,2000-10-25 06:49,2000-10-25 07:01,00:12,,,,
Feed,2000-09-03 21:16,2000-09-03 21:24,00:08,,,,
Feed,2000-10-10 15:43,2000-10-10 15:52,00:09,,,,
Sleep,2000-10-09 22:15,2000-10-10 00:13,01:58,,,,
Feed,2000-10-15 08:06,2000-10-15 08:14,00:08,,,,
Sleep,2000-10-29 22:21,2000-10-30 00:25,02:04,,,,
Sleep,2000-09-24 13:33,2000-09-24 16:24,02:51,,,,
Feed,2000-11-25 00:12,2000-11-25 00:26,00:13,,,,
Sleep,2000-11-14 03:01,2000-11-14 04:14,01:13,,,,
Feed,2000-11-13 06:53,2000-11-13 07:03,00:10,,,,
Feed,2000-09-19 05:12,2000-09-19 05:27,00:14,,,,
Sleep,2000-09-06 22:13,2000-09-07 04:02,05:49,,,,
Feed,2000-12-15 14:32,2000-12-15 14:37,00:04,,,,
Feed,2000-10-22 08:12,2000-10-22 08:20,00:07,,,,
Sleep,2000-09-24 19:50,2000-09-24 23:50,04:00,,,,
Feed,2000-09-02 16:32,2000-09-02 16:42,00:10,,,,
Feed,2000-11-09 07:02,2000-11-09 07:13,00:11,,,,
Feed,2000-11-22 23:12,2000-11-22 23:19,00:07,,,,
Feed,2000-10-05 18:40,2000-10-05 18:53,00:12,,,,
Sleep,2000-10-25 10:46,2000-10-25 11:24,00:38,,,,
Sleep,2000-10-13 22:50,2000-10-14 00:20,01:29,,,,
Feed,2000-11-07 08:14,2000-11-07 08:24,00:10,,,,
Feed,2000-10-09 04:05,2000-10-09 04:17,00:11,,,,
Feed,2000-11-11 18:35,2000-11-11 18:44,00:09,,,,
Sleep,2000-09-13 16:07,2000-09-13 17:17,01:10,,,,
Feed,2000-11-07 15:40,2000-11-07 15:51,00:11,,,,
Sleep,2000-09-30 11:43,2000-09-30 12:03,00:20,,,,
Feed,2000-09-23 12:23,2000-09-23 12:28,00:05,,,,
Feed,2000-10-24 12:07,2000-10-24 12:14,00:06,,,,
Feed,2000-09-20 07:05,2000-09-20 07:21,00:15,,,,
Feed,2000-12-16 09:22,2000-12-16 09:28,00:06,,,,
Sleep,2000-09-09 10:35,2000-09-09 14:00,03:25,,,,
Feed,2000-11-14 02:19,2000-11-14 02:28,00:09,,,,
Sleep,2000-09-10 10:42,2000-09-10 13:28,02:46,,,,
Sleep,2000-11-17 08:15,2000-11-17 08:59,00:44,,,,
Sleep,2000-12-10 15:08,2000-12-10 16:39,01:31,,,,
Feed,2000-10-20 19:22,2000-10-20 19:27,00:05,,,,
Sleep,2000-09-16 08:50,2000-09-16 10:00,01:10,,,,
Sleep,2000-11-14 23:16,2000-11-15 00:16,01:00,,,,
Feed,2000-11-21 21:45,2000-11-21 21:57,00:12,,,,
Feed,2000-12-14 08:03,2000-12-14 08:18,00:15,,,,
Sleep,2000-11-27 01:19,2000-11-27 02:15,00:56,,,,
Sleep,2000-12-08 10:36,2000-12-08 11:04,00:27,,,,
Feed,2000-12-05 18:53,2000-12-05 19:00,00:07,,,,
Sleep,2000-11-09 10:15,2000-11-09 10:54,00:39,,,,
Feed,2000-09-27 05:36,2000-09-27 05:50,00:14,,,,
Feed,2000-12-08 05:26,2000-12-08 05:37,00:11,,,,
Feed,2000-11-16 08:01,2000-11-16 08:10,00:08,,,,
Sleep,2000-11-09 08:16,2000-11-09 08:42,00:26,,,,
Feed,2000-09-16 01:52,2000-09-16 02:06,00:13,,,,
Sleep,2000-09-06 18:30,2000-09-06 19:13,00:43,,,,
Feed,2000-12-04 18:52,2000-12-04 19:00,00:07,,,,
Feed,2000-11-26 22:39,2000-11-26 22:50,00:10,,,,
Feed,2000-12-10 07:08,2000-12-10 07:16,00:07,,,,
Feed,2000-09-01 09:55,2000-09-01 10:00,00:05,,,,
Feed,2000-11-30 19:42,2000-11-30 19:48,00:06,,,,
Sleep,2000-09-26 06:42,2000-09-26 08:29,01:47,,,,
Feed,2000-09-30 19:18,2000-09-30 19:32,00:13,,,,
Sleep,2000-10-25 00:31,2000-10-25 01:43,01:11,,,,
Sleep,2000-09-10 16:35,2000-09-10 17:01,00:25,,,,
Feed,2000-12-02 21:29,2000-12-02 21:35,00:05,,,,
Sleep,2000-12-06 10:50,2000-12-06 11:45,00:55,,,,
Feed,2000-12-05 02:54,2000-12-05 03:00,00:05,,,,
Sleep,2000-10-02 07:10,2000-10-02 08:10,00:59,,,,
Feed,2000-11-16 02:28,2000-11-16 02:37,00:09,,,,
Sleep,2000-12-07 10:57,2000-12-07 11:35,00:38,,,,
Feed,2000-11-21 12:26,2000-11-21 12:35,00:08,,,,
Feed,2000-10-10 04:28,2000-10-10 04:38,00:09,,,,
Sleep,2000-11-15 04:30,2000-11-15 05:23,00:53,,,,
Sleep,2000-10-26 15:10,2000-10-26 16:00,00:50,,,,
Sleep,2000-10-27 02:33,2000-10-27 05:17,02:43,,,,
Feed,2000-11-22 19:35,2000-11-22 19:40,00:05,,,,
Sleep,2000-10-05 04:42,2000-10-05 06:09,01:27,,,,
Sleep,2000-10-12 19:42,2000-10-13 01:24,05:42,,,,
Sleep,2000-10-27 20:23,2000-10-27 23:23,02:59,,,,
Sleep,2000-11-30 20:37,2000-11-30 21:48,01:11,,,,
Sleep,2000-10-12 13:26,2000-10-12 15:34,02:08,,,,
Sleep,2000-10-19 01:42,2000-10-19 02:49,01:07,,,,
Feed,2000-11-28 17:04,2000-11-28 17:11,00:06,,,,
Feed,2000-11-11 02:37,2000-11-11 02:46,00:08,,,,
Feed,2000-11-23 18:55,2000-11-23 19:06,00:11,,,,
Feed,2000-11-19 17:22,2000-11-19 17:28,00:05,,,,
Feed,2000-11-27 22:39,2000-11-27 22:52,00:12,,,,
Sleep,2000-11-23 00:00,2000-11-23 02:00,02:00,,,,
Sleep,2000-09-06 15:29,2000-09-06 17:09,01:40,,,,
Feed,2000-11-02 16:40,2000-11-02 16:46,00:06,,,,
Feed,2000-11-11 10:08,2000-11-11 10:17,00:09,,,,
Sleep,2000-09-05 11:40,2000-09-05 12:20,00:40,,,,
Feed,2000-09-16 10:06,2000-09-16 10:26,00:19,,,,
Feed,2000-09-22 08:35,2000-09-22 08:53,00:18,,,,
Sleep,2000-10-15 05:20,2000-10-15 06:07,00:47,,,,
Feed,2000-10-13 17:24,2000-10-13 17:31,00:07,,,,
Feed,2000-12-01 05:24,2000-12-01 05:35,00:11,,,,
Sleep,2000-09-09 16:07,2000-09-09 16:26,00:19,,,,
Feed,2000-09-25 07:22,2000-09-25 07:41,00:19,,,,
Sleep,2000-10-27 17:52,2000-10-27 19:22,01:30,,,,
Feed,2000-09-29 07:00,2000-09-29 07:15,00:15,,,,
Pump,2000-09-27 12:15,,,,,,
Sleep,2000-12-03 12:04,2000-12-03 15:20,03:15,,,,
Feed,2000-09-04 15:08,2000-09-04 15:17,00:09,,,,
Sleep,2000-10-02 09:50,2000-10-02 10:15,00:25,,,,
Sleep,2000-10-23 06:49,2000-10-23 07:55,01:06,,,,
Feed,2000-11-30 09:39,2000-11-30 09:45,00:05,,,,
Feed,2000-11-24 11:18,2000-11-24 11:22,00:04,,,,
Feed,2000-10-11 11:43,2000-10-11 11:52,00:09,,,,
Feed,2000-09-05 06:10,2000-09-05 06:25,00:15,,,,
Feed,2000-09-13 19:42,2000-09-13 20:04,00:22,,,,
Sleep,2000-11-25 01:24,2000-11-25 03:19,01:55,,,,
Feed,2000-09-18 18:50,2000-09-18 19:01,00:10,,,,
Feed,2000-12-10 22:27,2000-12-10 22:39,00:12,,,,
Feed,2000-12-05 00:26,2000-12-05 00:34,00:08,,,,
Feed,2000-09-17 00:32,2000-09-17 00:39,00:07,,,,
Feed,2000-12-04 15:59,2000-12-04 16:05,00:06,,,,
Sleep,2000-09-26 01:10,2000-09-26 03:22,02:12,,,,
Sleep,2000-10-05 19:55,2000-10-05 20:55,01:00,,,,
Feed,2000-11-25 16:20,2000-11-25 16:26,00:06,,,,
Sleep,2000-11-27 12:40,2000-11-27 13:01,00:21,,,,
Sleep,2000-11-21 14:05,2000-11-21 14:52,00:47,,,,
Sleep,2000-12-05 19:56,2000-12-05 20:30,00:33,,,,
Sleep,2000-09-01 03:53,2000-09-01 05:57,02:03,,,,
Sleep,2000-09-01 20:19,2000-09-01 21:04,00:45,,,,
Feed,2000-10-24 03:20,2000-10-24 03:28,00:07,,,,
Feed,2000-12-11 17:03,2000-12-11 17:09,00:06,,,,
Sleep,2000-09-14 12:49,2000-09-14 15:38,02:49,,,,
Sleep,2000-10-02 14:45,2000-10-02 17:47,03:02,,,,
Sleep,2000-09-14 10:23,2000-09-14 11:46,01:23,,,,
Feed,2000-09-18 10:39,2000-09-18 10:51,00:12,,,,
Sleep,2000-09-15 02:07,2000-09-15 06:17,04:09,,,,
Sleep,2000-09-25 09:30,2000-09-25 10:37,01:07,,,,
Sleep,2000-09-11 08:00,2000-09-11 08:40,00:40,,,,
Feed,2000-12-08 16:43,2000-12-08 16:57,00:13,,,,
Feed,2000-11-29 10:50,2000-11-29 10:57,00:07,,,,
Sleep,2000-10-19 03:37,2000-10-19 05:59,02:22,,,,
Feed,2000-11-03 16:57,2000-11-03 17:02,00:05,,,,
Sleep,2000-12-13 05:37,2000-12-13 06:43,01:06,,,,
Sleep,2000-11-11 06:55,2000-11-11 07:43,00:48,,,,
Feed,2000-11-14 10:01,2000-11-14 10:10,00:09,,,,
Feed,2000-12-03 15:34,2000-12-03 15:43,00:08,,,,
Growth,2000-11-29 19:20,,,,,,
Sleep,2000-09-26 14:55,2000-09-26 15:01,00:06,,,,
Feed,2000-10-08 04:43,2000-10-08 04:56,00:13,,,,
Feed,2000-10-23 06:23,2000-10-23 06:31,00:08,,,,
Feed,2000-11-27 11:00,2000-11-27 11:10,00:10,,,,
Sleep,2000-11-13 23:51,2000-11-14 00:03,00:12,,,,
Sleep,2000-11-08 08:15,2000-11-08 09:15,01:00,,,,
Feed,2000-12-07 18:05,2000-12-07 18:09,00:03,,,,
Sleep,2000-10-18 09:40,2000-10-18 10:13,00:33,,,,
Sleep,2000-10-27 17:24,2000-10-27 17:52,00:27,,,,
Feed,2000-12-04 06:35,2000-12-04 06:44,00:09,,,,
Sleep,2000-12-04 05:24,2000-12-04 06:28,01:04,,,,
Feed,2000-11-20 08:49,2000-11-20 08:53,00:04,,,,
Feed,2000-09-06 14:38,,,,,,
Sleep,2000-10-26 13:25,2000-10-26 13:45,00:19,,,,
Sleep,2000-10-28 19:49,2000-10-28 23:18,03:28,,,,
Sleep,2000-09-09 18:12,2000-09-09 18:42,00:30,,,,
Sleep,2000-09-29 08:40,2000-09-29 11:40,03:00,,,,
Feed,2000-12-08 01:17,2000-12-08 01:26,00:09,,,,
Feed,2000-11-26 09:38,2000-11-26 09:46,00:08,,,,
Feed,2000-10-23 11:19,2000-10-23 11:28,00:08,,,,
Feed,2000-11-05 15:45,2000-11-05 15:56,00:10,,,,
Feed,2000-09-04 03:14,2000-09-04 03:27,00:13,,,,
Feed,2000-12-13 08:12,2000-12-13 08:21,00:08,,,,
Sleep,2000-09-02 21:10,2000-09-03 02:00,04:50,,,,
Sleep,2000-11-23 13:10,2000-11-23 15:34,02:23,,,,
Sleep,2000-12-03 21:56,2000-12-03 23:17,01:20,,,,
Sleep,2000-10-23 19:50,2000-10-24 00:26,04:36,,,,
Feed,2000-11-14 07:44,2000-11-14 07:53,00:09,,,,
Feed,2000-09-05 03:31,2000-09-05 03:40,00:09,,,,
Feed,2000-10-03 17:00,2000-10-03 17:09,00:09,,,,
Feed,2000-12-14 02:19,2000-12-14 02:35,00:15,,,,
Feed,2000-12-09 08:43,2000-12-09 08:51,00:07,,,,
Feed,2000-09-09 14:13,,,,,,
Sleep,2000-09-04 23:40,2000-09-05 03:20,03:40,,,,
Feed,2000-10-15 12:31,2000-10-15 12:37,00:06,,,,
Feed,2000-10-11 15:45,2000-10-11 15:53,00:08,,,,
Sleep,2000-11-15 17:54,2000-11-15 18:20,00:26,,,,
Sleep,2000-12-08 23:35,2000-12-09 02:11,02:36,,,,
Sleep,2000-12-10 06:08,2000-12-10 07:05,00:56,,,,
Sleep,2000-11-07 00:36,2000-11-07 03:13,02:36,,,,
Pump,2000-09-25 19:50,,,,,,
Sleep,2000-10-19 13:25,2000-10-19 15:13,01:48,,,,
Feed,2000-11-18 12:40,2000-11-18 12:45,00:04,,,,
Sleep,2000-09-07 22:00,2000-09-08 02:48,04:48,,,,
Feed,2000-09-15 01:13,2000-09-15 01:31,00:17,,,,
Feed,2000-11-13 08:47,2000-11-13 08:56,00:08,,,,
Feed,2000-10-22 15:48,2000-10-22 15:59,00:11,,,,
Sleep,2000-10-14 06:40,2000-10-14 08:40,02:00,,,,
Sleep,2000-11-14 05:58,2000-11-14 06:44,00:45,,,,
Sleep,2000-11-17 01:08,2000-11-17 02:37,01:28,,,,
Feed,2000-09-07 07:23,2000-09-07 07:39,00:16,,,,
Sleep,2000-12-02 12:08,2000-12-02 12:48,00:40,,,,
Feed,2000-12-12 18:03,2000-12-12 18:06,00:02,,,,
Feed,2000-12-13 03:27,2000-12-13 03:40,00:12,,,,
Feed,2000-10-15 02:37,2000-10-15 02:49,00:11,,,,
Sleep,2000-10-23 14:14,2000-10-23 14:39,00:25,,,,
Sleep,2000-10-12 10:43,2000-10-12 11:04,00:20,,,,
Feed,2000-09-01 22:23,2000-09-01 22:31,00:07,,,,
Sleep,2000-10-17 03:22,2000-10-17 04:39,01:17,,,,
Feed,2000-12-16 12:17,2000-12-16 12:23,00:05,,,,
Sleep,2000-10-16 22:18,2000-10-17 01:14,02:56,,,,
Sleep,2000-10-17 19:37,2000-10-18 02:09,06:32,,,,
Sleep,2000-11-25 14:25,2000-11-25 14:34,00:08,,,,
Sleep,2000-10-25 02:35,2000-10-25 03:38,01:03,,,,
Feed,2000-11-29 09:46,2000-11-29 09:52,00:05,,,,
Sleep,2000-10-24 04:08,2000-10-24 05:22,01:13,,,,
Sleep,2000-10-22 18:11,2000-10-22 18:31,00:20,,,,
Feed,2000-11-23 02:03,2000-11-23 02:12,00:08,,,,
Feed,2000-12-14 19:25,2000-12-14 19:31,00:05,,,,
Feed,2000-11-20 01:14,2000-11-20 01:23,00:09,,,,
Sleep,2000-11-12 22:00,2000-11-12 22:59,00:59,,,,
Sleep,2000-09-19 13:40,2000-09-19 14:18,00:38,,,,
Feed,2000-10-12 02:08,2000-10-12 02:16,00:08,,,,
Sleep,2000-09-17 05:23,2000-09-17 07:20,01:56,,,,
Feed,2000-11-10 15:23,2000-11-10 15:33,00:09,,,,
Feed,2000-12-13 17:57,2000-12-13 18:05,00:08,,,,
Feed,2000-10-07 12:31,2000-10-07 12:46,00:14,,,,
Feed,2000-11-29 02:45,2000-11-29 02:56,00:11,,,,
Feed,2000-09-11 09:14,2000-09-11 09:25,00:11,,,,
Feed,2000-12-02 15:10,2000-12-02 15:15,00:05,,,,
Feed,2000-11-15 07:25,2000-11-15 07:37,00:11,,,,
Feed,2000-12-06 06:58,2000-12-06 07:05,00:07,,,,
Sleep,2000-09-19 09:30,2000-09-19 10:10,00:40,,,,
Sleep,2000-11-07 04:06,2000-11-07 06:33,02:27,,,,
Feed,2000-12-02 22:35,2000-12-02 22:40,00:05,,,,
Feed,2000-10-07 04:19,2000-10-07 04:30,00:10,,,,
Feed,2000-12-02 18:53,2000-12-02 18:58,00:05,,,,
Feed,2000-11-23 22:48,2000-11-23 23:02,00:13,,,,
Feed,2000-11-18 05:05,2000-11-18 05:13,00:07,,,,
Feed,2000-12-03 18:51,2000-12-03 19:01,00:09,,,,
Sleep,2000-11-02 10:23,2000-11-02 11:02,00:39,,,,
Feed,2000-10-26 11:11,2000-10-26 11:18,00:07,,,,
Feed,2000-10-17 15:34,2000-10-17 15:46,00:11,,,,
Feed,2000-11-25 05:45,2000-11-25 05:55,00:10,,,,
Sleep,2000-12-05 08:13,2000-12-05 09:00,00:47,,,,
Feed,2000-10-25 10:16,2000-10-25 10:25,00:09,,,,
Sleep,2000-12-11 16:18,2000-12-11 17:00,00:42,,,,
Feed,2000-09-04 22:29,2000-09-04 22:50,00:21,,,,
Feed,2000-10-21 11:27,2000-10-21 11:37,00:10,,,,
Feed,2000-12-02 11:44,,,,,,
Sleep,2000-09-04 10:30,2000-09-04 11:55,01:25,,,,
Feed,2000-12-06 17:03,2000-12-06 17:12,00:09,,,,
Feed,2000-11-25 09:11,2000-11-25 09:17,00:06,,,,
Feed,2000-11-12 16:59,2000-11-12 17:09,00:10,,,,
Sleep,2000-10-26 18:27,2000-10-26 18:31,00:04,,,,
Feed,2000-12-16 20:58,2000-12-16 21:14,00:16,,,,
Growth,2000-09-17 08:10,,,,,,